{
  "model": "GradientBoostingClassifier",
  "threshold": 0.45,
  "metrics": {
    "accuracy": 0.8839487565938207,
    "precision": 0.2653061224489796,
    "recall": 0.011484098939929329,
    "f1": 0.02201524132091448,
    "roc_auc": 0.6525540656473445
  }
}